** There may be courses on this list that are not currently offered. Please check Class Roster for the most up to date list of current offerings.**,,,,Jacobs,,,Concentration Core and Concentration Elective Options,,,,,,,,,,,
Course Code,Cross listed,Course Description,Credit Hours,Technical Core,Programmatic Core,Ethics,CM,HT,UT,Cornell Class #,Added to Sheet,Technion Course #,new Technion Course Number,Technion Credits,Technion Course Name,Date of Approval,Internal Notes,Notes
ARCH 6605,FALSE,Design + Making Across Disciplines,3.00,,,,Elective,,,,,618028,61080028,3,תכן ועשייה בין-דיסציפלינאריים,,,
CEE 6605,FALSE,Introduction to Transport Engineering,3.00,,,,,,Elective,,,618027,61080027,3,מבוא להנדסת תחבורה,2020-11,"Entered as 3610, but course under 6065 was designated specifically for CT students",Ithaca-based course. By-request only. Must confirm if this is available online prior to enrolling
CEE 6800,FALSE,Engineering Smart Cities,3.00,,,,,,Elective,,,618045,61080045,3,הנדסת ערים חכמות,2021-04-18,,Ithaca-based course. By-request only. Must confirm if this is available online prior to enrolling
CMBP 5005,FALSE,Functional Interpretation of High-Throughput Data,4.00,,,,,Core,,,2024-11-18,,,,,,,
CMPB 5001,FALSE,Dynamic Models in Biology,4.00,,,,,Elective,,,,Not Approved,,,מודל דינמי בביולוגיה,,Add to AY 2023 list for approvals if high registration,
CMPB 5002,FALSE,Data Structures & Algorithms for CB,3.50,,,,,Elective,,,2024-Jul-30,,,#N/A,,,,
CMPB 5003,FALSE,Cellular & Molecular Biology,3.50,,,,,Elective,,,,Not Approved,,,,,Add to AY 2023 list for approvals if high registration,
CS 2048,FALSE,Introduction to iPhone and Apple Watch Development,1.00,,,,,,,,,617057,61070057,1,מבוא לפיתוח אייפון ושעון אפל,,,
CS 2049,FALSE,Intermediate iPhone and Apple Watch Development,1.00,,,,,,,,,617058,61070058,1,פיתוח ביינים של האייפון,,,
CS 5091,FALSE,Conversations in the Studio,0.50,,,,,,,,,617048,61070048,0.5,שיחות בסטודיו,,May have to become 2 courses at the Technion,
CS 5112,FALSE,Algorithms and Data Structures for Applications,3.00,"Y (or CS 5356,)",,,,,,,,618092,61080092,3, אלגוריתמים  מבנה נתונים לאפליקציות,2020-05,,Choose CS 5112 or CS 5356 for this requirement; course is eligible as an elective if both are taken
CS 5135,TRUE,Computer Integer Programming,3.00,,,,,,,,,618046,06180046,3,שיטות חישוביות בתכנות שלמים,2022-08-17,,
CS 5304,TRUE,Data Science in the Wild,3.00,,,,Elective,,Elective,18747,,617044,61070044,3,ניצול מסדי נתונים בעולם הגדול,,,
CS 5320,FALSE,Introduction to Database Systems,4.00,,,,,,,,,617017,61070017,4,מבוא למערכות מסדי נתונים,,,
CS 5342,FALSE,"Trust and Safety: Platforms, Policies, Products",3.00,,,Y,,,,,,,,,,,,
CS 5356,FALSE,Building Startup Systems,3.00,Y (or CS 5112),,,Elective,,,12969,,617027,61070027,3,מערכות הזנק – תכנון והנדסה,,Former: Startup Systems Design and Engineering,Choose CS 5112 or CS 5356 for this requirement; eligible as an elective if core is satisfied
CS 5357,FALSE,Advanced Startup Systems,1.00,,,,,,,,,618002,61080002,1,מערכות הפעלה מתקדמות,,,
CS 5382,FALSE,Designing Fair Algorithms,3.00,,,,Elective,,,,,,,,,,,
CS 5412,FALSE,Cloud Computing,4.00,,,,,,,,,618031,61080031,4,מחשוב ענן,2021-04-18,,
CS 5422,FALSE,Physical Computing,3.00,,,,,,,,,617003,61070003,3,בניית התקנים חכמים,,,
CS 5425,TRUE,Developing and Designing Interactive Devices,3.00,,,,Elective,,Elective,,,618115,61080115,3,פיתוח ותכן של התקנים אינטרקטיביים,2020-07-21,ECE 5413; former Embedded Systems,
CS 5433,FALSE,"Blockchains, Cryptocurrencies, and Smart Contracts",3.00,,,,Elective,,Elective,18511,,618093,61080093,3,"בלוקצ'יין, מטבע מבוזר וחוזים חכמים",2020-05,,
CS 5435,FALSE,Security and Privacy Concepts in the Wild,3.00,,,,Elective,,Elective,,,617016,61070016,3,מושגי פרטיות ובטיחות בעולם הגדול,,,
CS 5436,TRUE,Privacy in the Digital Age,3.00,,,,Elective,,Elective,10914,,617046,61070046,3,פרטיות בעידן הדיגיטלי,,"""considered as concentration elective"" from Shiri 6-Feb-2023 email to Mike",Contains technical component; Sp 22 was offered as concentration core - no longer moving forward
CS 5438,FALSE,Security and Privacy: Practice and Case Studies,3.00,,,,,,,,,617067,61070067,3,ביטחון ופרטיות: בפועל וחקר מקרים,,,
CS 5439,FALSE,Practicum in Computer Security,2.00,,,,,,,,,618094,61080094,2,תרגול באבטחת מחשבים,2020-05,,
CS 5450,FALSE,Networked and Distributed Systems,3.00,,,,,,,,,617007,61070007,4,רשתות,,"If this course is offered at Cornell, Technion syllabus must be aligned; email from Sarah A to DM, 1 June 2016 - Adam does not want to update at present.",
CS 5454,FALSE,Mobile and Ubiquitous Systems,3.00,,,,,,,,,617030,61070030,4,מערכות ניידות שימושיות,,,
CS 5460,FALSE,Parallel and Distributed Computing,3.00,,,,,,,,,617060,61070060,3,תכנונ מקבילי ומבוזר,,,
CS 5620,FALSE,Introduction to Computer Graphics,3.00,,,,,,,,,617019,61070019,4,מבוא לגרפיקה ממוחשבת,,,
CS 5650,TRUE,Virtual and Augmented Reality,3.00,,,,Elective,,Elective,,,618006,61080006,3,מציאות רבודה ווירטואלית,,also crosslisted as CS 5650,
CS 5660,FALSE,Signal Processing,3.00,,,,,,,,,617031,61070031,3,עיבוד אותות,,,
CS 5670,FALSE,Introduction to Computer Vision,3.00,,,,Elective,,Elective,10377,,617029,61070029,4,מבוא לראיה ממוחשבת,,,
CS 5678,FALSE,Mixed Reality,3.00,,,,Elective,,Elective,10590,,618095,61080095,3,מציאות מעורבבת,2020-05,,
CS 5682,TRUE,HCI and Design,3.00,Y,,,,,,,,617009,61070009,3,תכנון יצור אב-טיפוס והערכת ממשק,,"Short Name: HCI & Design
 Need formally change with Cornell and Technion",
CS 5726,TRUE,"Learning, Inference, Decision Making from Data",3.00,,,,,,Elective,,,618058,06180058,3,"למידה, הסקה, קבלת החלטות",2022-04-25,,
CS 5727,TRUE,Optimization Methods,3.00,,,,,,Elective,,,617069,61070069,3,שיטות אופטומיזציה,,,
CS 5740,FALSE,Natural Language Processing,3.00,,,,Elective,,Elective,,,617061,61070610,4,עובוד שפות טבעיות,,,
CS 5755,TRUE,Mobile Human Robot Interaction Design,3.00,,,,,,,18889,,618077,06180077,3,עיצוב אינטרקציות ניידות בין רובוטים לבני אדם,Submitted 2023-01,6000 # Enrollment limited to PhD ,
CS 5775,TRUE,Machine Learning Hardware and Systems,3.00,,,,,,,,,618048,06180048,3,חומרה ומערכות עבור למידת מכונה,2022-04-25,,
CS 5781,FALSE,Machine Learning Engineering,3.00,"Y (or CS 5785, INFO 5368)",,,,,,,,618101,61080101,3,הנדסת מערכות לומדות ,2020-07-21,,"Choose CS 5785, CS 5781, or INFO 5368 for this requirement; eligible as an elective if core is satisfied"
CS 5785,TRUE,Applied Machine Learning,3.00,"Y (or CS 5781, INFO 5368)",,,Elective,,,,,617028,61070028,3,מערכות לומדות,,"Also, cross-listed as ORIE 5750","Choose CS 5785, CS 5781, or INFO 5368 for this requirement; eligible as an elective if core is satisfied"
CS 5787,FALSE,Deep Learning,3.00,,,,,,Elective,10570,,618096,61080096,3,למידה עמוקה,,,
CS 5830,FALSE,Cryptography,3.00,,,,,,,18504,,617065,61070065,3,קריפטוגרפיה,,,
CS 5854,TRUE,Networks and Markets,3.00,,,,Elective,,Elective,,,618000,61080000,3,שווקים ורשתות ,,,
CS 6382,FALSE,Data Science for Social Change,3.00,,,,Elective,,,,,618059,06180059,3,מדע נתונים עבור שינוי חברתי,2022-08-17,,
CS 6741,FALSE,Natural Language Processing & Machine Learning,3.00,,,,Elective,,,,,618060,06180060,3,עיבוד שפה טבעית ולמידת מכונה,2022-04-25,,
CS 6785,FALSE,Deep Generative Models,3.00,,,,,,,10985,,618032,61080032,3,מודלים עמוקים הסתברותיים וגנרטיביים,2021-04-18,Former; Deep Probabilistic and Generative Models ,
CS 6831,FALSE,Designing Secure Cryptography,3.00,,,,,,,,,618097,61080097,3,תכנון קריפטוגרפיה  מאובטחת,2020-05,,
CTIV 5001,FALSE,Adv. Seminar in Ethics and Clin Res,1.00,,,,,Core,,,,Not Approved,,,סמינר מתקדם: אתיקה במחקר,,Previous credit offering (pre 2023) was 4. Changed to 1,Eligible as concentration elective if core is satisfied
CTIV 5002,FALSE,Bioinformatics ,1.00,,,,,Core,,,,618013,61080013,1,ביואינפורמטיקה,2020-11,,Eligible as concentration elective if core is satisfied
CTIV 5012,FALSE,Foundations of Clinical Research,3.00,,,,,Elective,,,,Not Approved,,,,,Add to AY 2023 list for approvals if high registration,
CTIV 5013,FALSE,Foundations of Epidemiology,3.00,,,,,Core,,,,618014,61080014,3,יסודות אפידמיולוגיה,2020-11,,Eligible as concentration elective if core is satisfied
CTIV 5014,FALSE,Genomics Workshop,1.00,,,,,Core,,,,Not Approved,,,גנומיקה סדנה,,,Eligible as concentration elective if core is satisfied
CTIV 5019,FALSE,Introduction to Biostatistics,2.00,,,,,Elective,,,,Not Approved,,,,,Add to AY 2023 list for approvals if high registration,
CTIV 5022,,Molecular Biology and Genetics,2.00,,,,,Core,,,,Not Approved,,,חֶלְקִיקִי ביולוגי וגנטי ,,Add to AY 2023 list for approvals if high registration,Eligible as concentration elective if core is satisfied
CTIV 5027,FALSE,Principles of Clinical and Translational Pharmacology,1.00,,,,,Core,,,,Not Approved,,,,,Add to AY 2023 list for approvals if high registration,Eligible as concentration elective if core is satisfied
CTIV 5030,FALSE,Advanced Statistical Methods,2.00,,,,,Core,,,2024-11-18,,,,,,,Prerequisite: Introto Biostatistics or equivalent is required prior to enrollment. MUST COMPLETE CTIV APPLICATION 
CTIV 5049,FALSE,Science of Team Science: Practical,1.00,,,,,Elective,,,,Not Approved,,,,,Add to AY 2023 list for approvals if high registration,
CTIV 5052,TRUE,Participatory Design for Digital Making,3.00,,,,Core,,Elective,,,618016,61080016,3,אוּמנות דיגיטלית,2020-11,previously named 3D Printed Life Hacks / Digital Craft at Large ,Use INFO 6940 course code; CM: can be used as concentration elective if core is satisfied
CTIV 5053,FALSE,Intro to R Programming for CTIV,3.50,,,,,,,,2024-Jul-30,,,#N/A,,,,
CTIV 5055,FALSE,Sociocultural Barriers in STEM,1.00,,,,,Core,,,2024-11-18,,,,,,,Must complete CTIV application
CTIV 5056,FALSE,Inter R Program for Clin & Tran Res,1.00,,,,,Core,,,2024-11-18,,,,,,,Must complete CTIV application
CTIV 5057,FALSE,Introduction to GPT and Large Language Models in CTIV,1.00,,,,,Core,,,2024-11-18,,,,,,,Must complete CTIV application
DESIGN 6151,FALSE,Design and Making Across Disciplines,3.00,,,,,,,,,618028,61080028,3,תכן ועשיה בין-דיסציפלינאריים,2020-11,,
ECE 5235,FALSE,Special Topics: Sustainable Urban & Energy Delivery Systems,3.00,,,,Elective,,Elective,19847,,618061,06180061,,מערכות עירוניות ומערכות אספקת אנרגיה בנות-קיימא,Submitted 2023-01,UT Concentration Elective,
ECE 5240,FALSE,Robot Perception,,,,,Elective,,,,,,,,,,,
ECE 5242,FALSE,Intelligent Autonomous Systems,3.00,,,,,,Elective,10542,,618109,61080109,3,מערכות אוטונומיות חכמות ,2020-07-21,,
ECE 5260,TRUE,Graph-Based Data Science for Networked Systems,3.00,,,,Elective,,Elective,,,618047,06180047,3,מדע נתונים מבוסס גרפים עבור מערכות מרושתות,2022-04-25,,
ECE 5411,TRUE,Signal and Data Processing,3.00,,,,,,,,,617031,61070031,3,עיבוד אותות,,Found in archive from 06/2017,
ECE 5413,TRUE,Developing and Designing Interactive Devices,3.00,,,,Elective,,Elective,,,618115,61080115,3,פיתוח ותכן של התקנים אינטרקטיביים,2020-07-21,CS 5424; former Emdedded Systems,
ECE 5414,TRUE,Applied Machine Learning,3.00,Y (or CS 5781),,,Elective,,,,,617028,61070028,3,מערכות לומדות,,"Also, cross-listed as ORIE 5750/CS5785",Choose CS 5785 or CS 5781 for this requirement; eligible as an elective if core is satisfied
ECE 5415,FALSE,Applied Digital Signal Processing and Communications,3.00,,,,,,,,,618023,61080023,3,עיבוד ספרתי של אותות ותקשורת יישומיים,2020-11,,
ECE 5545,TRUE,Machine Learning Hardware and Systems,3.00,,,,,,,,,618048,06180048,3,חומרה ומערכות עבור למידת מכונה,2022-04-25,,
ECE 5755,FALSE,Computer Systems & Architecture,,,,,Elective,,,,,,,,,,,
ECE 6780,FALSE,Multivariable Control Theory,4.00,,,,,,,,,618049,06180049,4,תורת בקרה מרובת משתנים,2022-04-25,,
ECE xxxx,FALSE,Circuits & Low-Level Architecture,xx,,,,,,,,,,,,,,,
HBDS 5001,FALSE,Introduction to Biostatistics,4.00,,,,,Elective,,,,Not Approved,,,,,Add to AY 2023 list for approvals if high registration,
HBDS 5002,FALSE,Introduction to Health Services Res,3.00,,,,,Elective,,,2024-Jul-30,,,#N/A,,,,
HBDS 5005,FALSE,Biostatistics I & Lab for BSDS,4.00,,,,,Elective,,,,Not Approved,,,,,Changed from 3 .0 to 4.0 for Fa24; Add to AY 2023 list for approvals if high registration,
HBDS 5011,FALSE,Statistical Programming with SAS,3.00,,,,,Elective,,,2024-Jul-30,,,#N/A,,,,
HBDS 5015,FALSE,Study Design,1.50,,,,,Elective,,,,Not Approved,,,,,Add to AY 2023 list for approvals if high registration,
HBDS 5016,FALSE,Categorical & Censored Data Analysis,1.50,,,,,Elective,,,,Not Approved,,,,,Add to AY 2023 list for approvals if high registration,
HBDS 5017,FALSE,Modern Methods for Casual Inference,3.00,,,,,Elective,,,2024-Jul-30,,,#N/A,,,,
HBDS 5018,FALSE,Data Science I,3.00,,,,,Elective,,,2024-Jul-30,,,#N/A,,,,
HBDS 5020,FALSE,Big Data in Medicine,3.00,,,,,Core,,,2024-11-18,,,,,,,
HBDS 5021,FALSE,Data Management (BDS Students),3.00,,,,,Core,,,2024-11-18,,,,,,,
HINF 2016,FALSE,Natural Language Processing &Health,3.00,,,,,Core,,,2024-11-18,,,,,,,
HINF 2020,FALSE,Health Info Standards & Interoperab,3.00,,,,,Core,,,2024-11-18,,,,,,,
HINF 2025,FALSE,Artificial Intelligence in Med II,3.00,,,,,Core,,,2024-11-18,,,,,,,
HINF 5001,FALSE,Introduction to Health Informatics,3.00,,,,,Elective,,,,Not Approved,,,,,Add to AY 2023 list for approvals if high registration,
HINF 5012,FALSE,Health Data Mining,,,,,,Elective,,,,Not Approved,,,נתונים על בריאות כְּרִיָּה,,,
HPEC 5002.03,FALSE,Health Systems & Services,3.00,,,,,,,,,617063,61070063,3,,,decided on new # because of name change,Use INFO 5360 course code
HPEC 5012,FALSE,Qualitative Methods Health Research,3.00,,,,,Elective,,,,Not Approved,,,,,Add to AY 2023 list for approvals if high registration,
IAMP 9002,FALSE,Seminars in Immunology,0.50,,,,,Elective,,,,Not Approved,,,,,Add to AY 2023 list for approvals if high registration,
IAMP 9011,FALSE,Fund Immunology & Microbiology I,5.50,,,,,Elective,,,,Not Approved,,,,,Add to AY 2023 list for approvals if high registration,
IAMP 9012,FALSE,Fund Immunology & Microbiology II,4.50,,,,,Core,,,,,,,,,,Prerequisite: IAMP 9010 or IAMP 9011
IAMP 9530,FALSE,Immunology Research in Progress,0.50,,,,,Elective,,,,Not Approved,,,,,Add to AY 2023 list for approvals if high registration,
IAMP 9531,FALSE,ATI: Immune Cells and Responses,1.00,,,,,Elective,,,,Not Approved,,,,,Add to AY 2023 list for approvals if high registration,
IAMP 9532,FALSE,ATI: The Host-Microbe Immune,1.00,,,,,Elective,,,,Not Approved,,,,,Add to AY 2023 list for approvals if high registration,
INFO 4300,FALSE,Language and Information,3.00,,,,,,Elective,,,Not Approved,,,,,,
INFO 5213,TRUE,Discrete Optimization for Urban Planning and Mobility,3.00,,,,,,Elective,18969,,618072,06180072,3,אופטימיזציה דיסקרטית לתכנון עירוני ולניידות,Submitted 2023-01,,
INFO 5260,FALSE,HCI Graduate Studio,4.00,,,,,,,,,618054,06180054,4,סטודיו בממשק אדם-מכונה,2022-04-25,,
INFO 5301,FALSE,Information Systems Experience,1.00,,,,,,,,,617079,61070079,1,נושאים נבחרים במערכות מידע,,Same as 1 cr Selected Topics in IS,
INFO 5302,FALSE,Connective Media Systems and Technologies,3.00,,,,,,,,,617045,61070045,3,מבוא למדיה מקושרת,,Need to formally change with Cornell and Technion,
INFO 5303,TRUE,Privacy in the Digital Age,3.00,,,,Elective,,Elective,10914,,617046,61070046,3,פרטיות בעידן הדיגיטלי,,,
INFO 5304,TRUE,Data Science in the Wild,3.00,,,,Elective,,,18747,,617044,61070044,3,ניצול מסדי נתונים בעולם הגדול,,,
INFO 5305,FALSE,User Exp and User Research,3.00,,,,Core,,,11318,,617062,61070062,3,שימושיות וחקר חוית המשתמש,,"Short Name: Research in CM, former: Usability and User Experience Research",Eligible as concentration elective if core is satisfied
INFO 5307,FALSE,Future Interaction Techniques,3.00,,,,Elective,,,,,617064,06180064,3,ייצור ספרתי,,,
INFO 5310,FALSE,Psychological and Social Aspects of Technology,3.00,,,,Required,,,,,617006,61070006,3,היבטים פסיכולוגים וחברתיים של מדיה מקושרת,,,
INFO 5315,FALSE,Information Policy,1 or 3,,,,,,,,,617066,61070066,3,,,,
INFO 5320,FALSE,Experimental Methods for New Technologies,3.00,,,,,,,,,617072,61070072,3,שיטות ניסיוניות לטכנולוגיות חדשות,,,
INFO 5325,FALSE,Ethical Thinking About Digital Technologies and Data,2.00,,,Y,Core,,,,,618107,61080107,2,חשיבה אתית על טכנולוגיות ונתונים ,2020-07-21,or Values in Information Technology and Digital Media,Eligible as concentration elective if core is satisfied
INFO 5328,FALSE,HCI Research Seminar,3.00,,,,,,,,,618085,61080085,3,סמינר מחקר - אינטרקציית אדם-מחשב,2020-05,,
INFO 5330,FALSE,"Tech, Media, Democracy",3.00,,,,Core,,Elective,10660,,618089,61080089,3,"טכנולוגיה, תקשורת ודמוקרטיה",2020-05,,CM: eligible as concentration elective if core is satisfied
INFO 5340,TRUE,Virtual and Augmented Reality,3.00,,,,Elective,,Elective,,,618006,61080006,3,מציאות רבודה ווירטואלית,,also crosslisted as CS 5650,
INFO 5342,FALSE,Designing Ubiquitous and Interactive Computing Devices,3.00,,,,,,,,,,,,,,,
INFO 5345,TRUE,Developing and Designing Interactive Devices,3.00,,,,Elective,,Elective,,,618115,61080115,3,פיתוח ותכן של התקנים אינטרקטיביים,2020-07-21,ECE 5413; former Embedded Systems,
INFO 5350,FALSE,Behavioral Economics for Tech (BEtech),3.00,,,,Core,,Elective,,,618003,61080003,3,כלכלה התנהגותית בסביבה טכנולוגית,,,CM: Eligible as concentration elective if core is satisfied
INFO 5356,FALSE,Introduction to Human-Robot Interaction,3.00,,,,Elective,,,,,,,#N/A,,,,
INFO 5356,FALSE,Human-Robot Interaction,3.00,,,,,,,19590,,618062,06180062,3,אינטרקציות בין רובוטים לבני אדם,Submitted 2023-01,,
INFO 5358,FALSE,3D Interaction Design,,,,,Elective,,,,,,,,,,,
INFO 5360,FALSE,Healthcare Organization and Delivery,2.00,,,,,Required,,,,618088,61080088,2, מערכת הבריאות האמריקאית,2020-05,"Weill course, formally HPEC 5002.03",
INFO 5365,FALSE,Responsible AI,3.00,,,,,,,,,094288,,#N/A,,2021,,
INFO 5368,FALSE,Practice & Applications of Machine Learning in Practice (PAML),3.00,"Y (or CS 5785, CS 5781)",,,Elective,,,18424,,618063,06180063,,יישומים מעשיים במכונות לומדות,Submitted 2023-01,,"Choose CS 5785, CS 5781, or INFO 5368 for this requirement; eligible as an elective if core is satisfied"
INFO 5370,TRUE,Applied Data Science: Decision-Making Beyond Prediction,3.00,,,,Elective,,Elective,,,618051,06180051,3,"נתונים, אנשים, מערכות",2022-04-25,See ORIE 5355,
INFO 5375,FALSE,Health Tech Oriented Machine Learning,3.00,,,,,Required,,,,618050,06180050,3,למידת מכונה עבור תחום הבריאות הדיגיטלית ,17-08-2022,,
INFO 5380,FALSE,Digital Fabrication,3.00,,,,Elective,,,18266,,618064,06180064,,ייצור ספרתי,Submitted 2023-01,Count as CM Concentration Elective,
INFO 5400,FALSE,Medical Literacy,2.00,,,,,,,,,617024,61070024,3,אוריינות רפואית,,credit total changing from 2015-2016 to 2016-2017,
INFO 5405,FALSE,Global Health,3.00,,,,,,,,,617038,61070038,3,בריאות גלובלית,,,
INFO 5410,FALSE,Urban Systems,3.00,,,,Core,,Required,,,618100,61080100,3,מערכות עירוניות ,2020-07-21,,CM: Eligible as concentration elective if core is satisfied
INFO 5420,FALSE,Urban Design Strategies & Case Studies,3.00,,,,,,Required,10814,,618012,61080012,3,אסטרטגיות עירוניות וחקר מיקרים,2020-11,,
INFO 5430,FALSE,Urban Data,3.00,,,,Elective,,Required,,,618029,61080029,3,נתונים עירוניים,2020-11,,
INFO 5455,FALSE,Smart Cities,3.00,,,,,,Elective,,,618052,06180052,3,ערים חכמות,2022-04-25,,
INFO 5500,FALSE,Health Tech Clinical Practicum,1-4,,,,,Elective,,,,Not Approved,,,,,,
INFO 5555,FALSE,"Health Tech, Data, and Systems",1-4,,,,,Core,,,,617023,61070023,3,טכנולוגיות של בריאות מידע ומערכות,,One course at Technion for 2 cr; important to be alert for the # of credits at Cornell & see how to register student at Technion (regular or exceptional),Changed from elective to core for Fall 2023; must also include Independent Study TECH 5999
INFO 5600,FALSE,AI for Healthcare,3.00,,,,,Core,,,,618053,06180053,3,בינה מלאכותית עבור תחום הבריאות,2022-07-19,,Eligible as concentration elective if core is satisfied
INFO 5610,FALSE,Precision Behavioral Health,3.00,,,,,Core,,,,618105,61080105,3,בריאות התנהגותית מדוייקת ,2020-07-21,Mistakenly put into Technion as INFO 6130,Eligible as concentration elective if core is satisfied
INFO 5460,FALSE,Politics and Policy of Urban Sustainability,3.00,,,,,,Elective,19324,,618065,,#N/A,פוליטיקה ומדיניות של קיימות עירונית,Submitted 2023-01,AS unapproved this as an UT elective on 2024-Apr,
INFO 5755,TRUE,Mobile Human Robot Interaction Design,3.00,,,,,,,18888,,618077,06180077,,עיצוב אינטרקציות ניידות בין רובוטים לבני אדם,Submitted 2023-01,6000 # Enrollment limited to PhD ,
INFO 5910,FALSE,Revolutionary Technologies,3.00,,,Y,Core,,,,,618005,61080005,3,,,,Eligible as concentration elective if core is satisfied
INFO 5915,FALSE,Remaking the City,3.00,,,,Elective,,Elective,10815,,618007,61080007,3,,,,
INFO 5920,FALSE,Specialization Projects,8.00,,Y,,,,,18496,,618033,06180033,8,פרוייקטיי התמחות,2021-04-18,See comment in credits,
INFO 6120,FALSE,Ubiquitous Computing,3.00,,,,Elective,,Elective,10813,,618103,61080103,3,מחשוב מקיף,2020-07-21,,
INFO 6410,TRUE,HCI and Design,3.00,Y,,,,,,,,617009,61070009,3,תכנון יצור אב-טיפוס והערכת ממשק,,"Short Name: HCI & Design
 Need formally change with Cornell and Technion",
INFO 6600,FALSE,Tech for Underserved Communities,3.00,,,,,,Elective,,,618009,,,,,,
INFO 6940,TRUE,Participatory Design for Digital Making,3.00,,,,Core,,Elective,10656,,618016,61080016,3,אוּמנות דיגיטלית,2020-11,previously named 3D Printed Life Hacks / Digital Craft at Large ,CM: eligible as concentration elective if core is satisfied
INFO 6940,FALSE,Selected Topics in Connective Media,1.00,,,,,,,,,617073,61070073,1,נושאים נבחרים במדיה מתוקשרת,,"Nos'im mitkadmim"" - the type of course that has a different syllabus each year and can be taken more than once. For the students that took this so far - this will be the Israel trek and you can write a description. I hope that for this type of course the syllabus and learning outcome requirements will be less strict.",
INFO 6940,FALSE,Selected Topics in Information Systems,1.00,,,,,,,,,617079,61070079,1,נושאים נבחרים במערכות מידע,,See above,
INFO 6940,FALSE,Special Topics: Technology and Social Justice,3.00,,,Y,Core,,Elective,10628,,618015,61080015,3,נושאים נבחרים: טכנולוגיה וצדק חברתי,2020-11,,CM: eligible as concentration elective if core is satisfied
INFO 6940,FALSE,Ethical Values in Digital Technology,TBD,,,Y,,,,,,,,,,,,
INFO 6940,FALSE,Selected Topics in Connective Media,2.00,,,,,,,,,617074,61070074,2,נושאים נבחרים במדיה מתוקשרת,,See above,
INFO 6940,FALSE,Selected Topics in Connective Media,3.00,,,,,,,,,617075,61070075,3,נושאים נבחרים במדיה מתוקשרת,,See above,
INFO 6940,FALSE,Selected Topics in Connective Media,4.00,,,,,,,,,617076,61070076,4,נושאים נבחרים במדיה מתוקשרת,,See above,
INFO 6940,FALSE,Selected Topics in Connective Media,5.00,,,,,,,,,617077,61070077,5,נושאים נבחרים במדיה מתוקשרת,,See above,
INFO 6940,FALSE,Selected Topics in Connective Media,6.00,,,,,,,,,617078,61070078,6,נושאים נבחרים במדיה מתוקשרת,,See above,
INFO 6940,FALSE,Selected Topics in Information Systems,2.00,,,,,,,,,617080,61070080,2,נושאים נבחרים במערכות מידע,,See above,
INFO 6940,FALSE,Selected Topics in Information Systems,3.00,,,,,,,,,617081,61070081,3,נושאים נבחרים במערכות מידע,,See above,
INFO 6940,FALSE,Selected Topics in Information Systems,4.00,,,,,,,,,617082,61070082,4,נושאים נבחרים במערכות מידע,,See above,
INFO 6940,FALSE,Selected Topics in Information Systems,5.00,,,,,,,,,617083,61070083,5,נושאים נבחרים במערכות מידע,,See above,
INFO 6940,FALSE,Selected Topics in Information Systems,6.00,,,,,,,,,617084,61070084,6,נושאים נבחרים במערכות מידע,,See above,
INFO 7060,FALSE,Digital Life Research Seminar,1.00,,,Y,Core,,,20003,,618017,61080017,1,סמינריון מחקרי: חיים דיגיטליים,2020-11,Pass/fail in ANAM,Eligible as concentration elective if core is satisfied
INFO 7900,FALSE,Independent Research,1.00,,,,,,,14066,,617055,61070055,1,מחקר עצמאי 1,,,
INFO 7900,FALSE,Independent Research,2.00,,,,,,,14066,,617056,61070056,2,מחקר עצמאי 2,,,
INFO 7900,FALSE,Independent Research,2.00,,,,,,,14066,,617056,61070056,2,מחקר עצמאי 2,,,
INFO 7900,FALSE,Independent Research,3.00,,,,,,,14066,,617050,61070050,3,מחקר עצמאי – א,,,
INFO 7900,FALSE,Independent Research,3.00,,,,,,,14066,,617050,61070050,3,מחקר עצמאי – א,,,
INFO 7900,FALSE,Independent Research,4.00,,,,,,,14066,,617051,61070051,4,מחקר עצמאי – ב,,,
INFO 7900,FALSE,Independent Research,4.00,,,,,,,14066,,617051,61070051,4,מחקר עצמאי – ב,,,
INFO 7900,FALSE,Independent Research,5.00,,,,,,,14066,,617052,61070052,5,מחקר עצמאי – ג,,,
INFO 7900,FALSE,Independent Research,5.00,,,,,,,14066,,617052,61070052,5,מחקר עצמאי – ג,,,
LAW 6305,FALSE,Digital Law for Health,2.00,,,,,Core,,,,Not Approved,,,,,,HT: eligible as concentration elective if core is satisfied
LAW 6305,FALSE,Digital Health Law,2.00,,,,,,,19644,,618066,61080066,2,חוק ומשפט בתחום הבריאות הספרתית,Submitted 2023-01,,
LAW 6673,TRUE,Law for Non-Lawyers,1.00,,,,,,,12941,,618108,61080108,1,משפטים ללא-משפטנים,2020-07-21,,
NBA 5260,FALSE,Leaders in Emerging Markets,1.00,,,,,,,20021,,618067,06180067,1,מנהיגים בשווקים מתעוררים,Submitted 2023-01,,
NBAY 5100,FALSE,Social Entrepreneurship,1.00,,,,,,,,,618110,61080110,1,יזמות חברתית ,2020-07-21,,
NBAY 5180,FALSE,Design Thinking,1.00,,,,,,,12642,,617070,61070070,1.5,חשיבה עיצובית,,pass/fail in ANAM,
NBAY 5200,FALSE,Hello Studio,1.00,,,,,,,,,617047,,1,ברוכים הבאים לסטודיו,,No longer offered,
NBAY 5295,FALSE,Future of Work,1.50,,,,,,,12756,,618034,61080034,1.5,עתיד התעסוקה,2021-04-18,,
NBAY 5300,FALSE,Entrepreneurial Finance,1.50,,,,,,,,,618116,61080116,1.5,ניהול כספים יזמי,2020-07-21,5300/5301 reflect Johnson and non-MBA students,
NBAY 5550,FALSE,Entrep. & Alternative Finance,1.50,,,,,,,12940,,618035,06180035,1.5,יזמות ומימון חלופי בכלכלות מתעוררות,2021-04-18,,
NBAY 5640,FALSE,Sales and Business Development,1.00,,,,,,,12645,,618114,61080114,1,מכירות ופיתוח עיסקי,2020-07-21,,
NBAY 5670,FALSE,Management Writing,1.50,,,,,,,19547,,618068,06180068,1.5,כתיבה ניהולית,Submitted 2023-01,,
NBAY 5770,FALSE,Entreprneurship in Creative Industries,1.00,,,,,,,12644,,618018,61080118,1,ערכים בטכנולוגיות ספרתיות,2020-11,,
NBAY 5795,FALSE,Advanced Strategic Analysis,3.00,,,,,,,,,618104,61080104,3,אנליזה אסטרטגית מתקדמת ,2020-07-21,,
NBAY 5925,FALSE,Tech and the City: NYC,1.50,,,,,,,,,618099,61080099,1.5, טכנולוגיה והעיר ניו-יורק,2020-05,Submitted as NBAY 6080,
NBAY 6030,FALSE,Big Data in Marketing,1.50,,,,,,,12890,,618036,61080036,1.5,נתוני עָתֵק בשיווק,2021-04-18,,
NBAY 6080,FALSE,Building Entrep. Ventures,1.50,,,,,,,,,618019,61080019,1.5,בניית תעוזה יזמית,2020-11,,
NBAY 6090,FALSE,Digital Marketing,1.50,,,,,,,,,618020,61080020,1.5,שיווק דיגיטלי,2020-11,,
NBAY 6120,FALSE,Disruptive Technologies,1.50,,,,,,,,,617071,61070071,1,טכנולוגיות משבשות,,,
NBAY 6130,FALSE,Women Leading in Tech,1.50,,,,,,,,,618037,61080037,1.5,הובלה נשית בטכנולוגיה,2021-04-18,,
NBAY 6170,FALSE,Designing Data Products,1.50,,,,,,,,,618011,61080011,1.5,תכן מוצרי נתונים,2020-11,,
NBAY 6210,FALSE,Tech Management,1.50,,,,,,,12653,,618069,06180069,1.5,ניהול טכנולוגיות,Submitted 2023-01,,
NBAY 6320,FALSE,Core Ldrship Skills for VUCA,1.00,,,,,,,12659,,618038,61080038,1.5,"מיומנויות למנהיגות בעולם של תנודתיות, אי-וודאות, מורכבות ועמימות (VUCA)",2021-04-18,,
NBAY 6550,FALSE,Intro to SQL & Tableau,1.50,,,,,,,,,618024,61080024,1.5,מבוא לאס קיו אל,2020-11,,
NBAY 6560,FALSE,Valuations,1.50,,,,,,,,,618021,61080021,1.5,הערכות נכסים,2020-11,,
NBAY 6570,FALSE,Business Models,1.50,,,,,,,12646,,618117,61080117,1.5,מודלים עסקיים,2020-07-21,,
NBAY 6630,FALSE,Managerial Decision Making,1.00,,,,,,,12785,,618113,61080113,1,קבלת החלטות ניהוליות,2020-07-21,,
NBAY 6660,FALSE,Negotiations,1.00,,,,,,,,,618120,61080120,1.5,משא ומתן,2020-07-21,,
NBAY 6710,FALSE,Ethical Dec. Making in Mgmt,1.50,,,,,,,18562,,618070,06180070,1.5,קבלת החלטות אתיות בניהול,Submitted 2023-01,,
NBAY 6750,FALSE,Leading Digital Transformation and Innovation,1.50,,,,,,,12927,,618111,61080111,1.5,הובלת שינוי סיפרתי וחדשנות,2020-07-21,,
NBAY 6760,FALSE,Decision Models,1.50,,,,,,,,,618025,61080025,1.5,מודלים של החלטות,2020-11,,
NBAY 6770,FALSE,Digital Wealth Management,1.50,,,,,,,12661,,618039,61080039,1.5,ניהול הון ספרתי,2021-04-18,,
NBAY 6821,FALSE,Negotations Essentials,1.00,,,,,,,19358,,618120,61080120,1.5,משא ומתן,2020-07-21,,
NBAY 6950,FALSE,The Business of Gaming,1.00,,,,,,,19655,,618071,06180071,1,הפן העסקי של המשחקנות,Submitted 2023-01,,
ORIE  5132,FALSE,Service Sys & Online Markets,3.00,,,,,,Elective,,,618086,61080086,3,שירותים ושווקים מקוונים,2020-05,,
ORIE  5751,FALSE,"Learning, Inference, Decision Making from Data",3.00,,,,,,,18370,,618098,61080098,,למידה וקבלת החלטות,,,
ORIE 5129,FALSE,Data Science for Sharing Econ,3.00,,,,,,Elective,18369,,618087,61080087,3, לוגיסטיקה אלקטרונית,2020-05,Former: e-logistics,
ORIE 5135,TRUE,Computer Integer Programming,3.00,,,,,,,,,618046,06180046,3,שיטות חישוביות בתכנות שלמים,2022-04-25,,
ORIE 5138,TRUE,Networks and Markets,3.00,,,,Elective,,Elective,,,618000,61080000,3,שווקים ורשתות,,,
ORIE 5160,FALSE,Special Topics: Statistics for Data Science,,,,,Elective,,,,,,,,,,,
ORIE 5213,TRUE,Discrete Optimization for Urban Planning and Mobility,3.00,,,,,,Elective,18969,,618072,06180072,,אופטימיזציה דיסקרטית לתכנון עירוני ולניידות,Submitted 2023-01,,
ORIE 5217,FALSE,Digital N-of-1 Trials,3.00,,,,,,,,,,,,,,,
ORIE 5250,FALSE,Business Applications of Optimization,3.00,,,,,,,,,618040,61080040,3,יישומים עסקיים של אופטימיזציה,2021-04-18,,2021-04-18
ORIE 5355,TRUE,Applied Data Science: Decision-Making Beyond Prediction,3.00,,,,Elective,,Elective,,,618076,61080076,3,קבלת החלטות מעבר לחיזוי,Approved 2022-04,"Name change from Data, People, and Systems",
ORIE 5380,TRUE,Optimization Methods,3.00,,,,,,Elective,,,617069,61070069,3,,,,
ORIE 5530,FALSE,Modeling Under Uncertainty,3.00,,,,,,Elective,,,618090,61080090,3,מידול תנאי אי-ודאות,2020-05,,
ORIE 5586,TRUE,Signal and Data Processing,3.00,,,,,,,,,617031,61070031,3,עיבוד אותות,,Found in archive from 06/2017,
ORIE 5735,TRUE,Graph-Based Data Science for Networked Systems,3.00,,,,Elective,,,,,618047,06180047,3,מדע נתונים מבוסס גרפים עבור מערכות מרושתות ,2022-04-25,,
ORIE 5750,TRUE,Applied Machine Learning,3.00,Y (or CS 5781),,,,,,,,617028,61070028,3,מערכות לומדות,,"Also, cross-listed as CS 5785/ECE5414",
ORIE 5751,TRUE,"Learning, Interference, Decision Making",3.00,,,,,,Elective,,,618058,06180058,3,"למידה, הסקה, קבלת החלטות",2022-04-25,,
ORIE 6170,FALSE,Engineering Societal Systems ,3.00,,,,,,,,,618055,,3,הנדסה של מערכות חברתיות,2022-04-25,,
PBSB 5021,FALSE,Quantitative Genomics & Genetics,4.00,,,,,Elective,,,,618022,61080022,4,גנומיקה וגנטיקה כמותיות,2020-11,,
PBSB 9502,FALSE,PBSB Seminar Series,0.40,,,,,Elective,,,2024-Jul-30,,,#N/A,,,,
PBSB 9602,FALSE,PBSB Seminar Series Yr 2,0.40,,,,,Elective,,,2024-Jul-30,,,#N/A,,,,
PHAR 9002,FALSE,Neuropharm I: Genes Drugs &Behavior,2.00,,,,,Core,,,2024-11-18,,,,,,,
PHAR 9005,FALSE,Principles of Pharm 1: Chemical Biology,3.00,,,,,Elective,,,,,,#N/A,,,Add to AY 2023 list for approvals if high registration,
PHAR 9006,FALSE,Principles of Pharm 2: Signical Transduction,2.00,,,,,Elective,,,,,,#N/A,,,Add to AY 2023 list for approvals if high registration,
PHAR 9009,FALSE,Accelerating BioVenture Innovation,1.50,,,,,Elective,,,,,,#N/A,,,Changed from 1.0 to 1.5 for Fa24; Add to AY 2023 list for approvals if high registration,
PHAR 9012,FALSE,Essen. Principles of Pharmacology,1.50,,,,,Elective,,,,,,#N/A,,,Add to AY 2023 list for approvals if high registration,
TECH 5000,FALSE,Studio Skills,1.00,,,,,,,,,617047,61070047,1,ברוכים הבאים לסטודיו,,equivalent to Leading in the Digital World,
TECH 5010,FALSE,Values at Play in Digital Technologies,1.00,,,Y,Core,,,9487,,618118,61080118,1,ערכים בטכנולוגיות ספרתיות,2020-07-21,,Eligible as concentration elective if core is satisfied
TECH 5100,FALSE,Entrepreneurship Zero,1.00,,,,,,,12939,,618112,61080112,1,צעדים ראשונים ביזמות,2020-07-21,,
TECH 5100,FALSE,Startup Ideas,1.00,,,,,,,,,617059,,1,רעיונות לחברות הזנק,,No longer offered,
TECH 5110,FALSE,Early Adopters,1.00,,,,,,,12939,,618106,61080106,1,מיישמים ראשונים ,2020-07-21,,
TECH 5120,FALSE,Building & Leading New Venture Teams,1.00,,,,,,,19723,,618073,06180073,,בנייה והובלה של צוותי מיזמים חדשים,Submitted 2023-01,,
TECH 5200,FALSE,Product Management,1.00,,,,,,,12937,,617049,61070049,1,ניהול מוצר,,,
TECH 5210,FALSE,Technical Leadership,1.00,,,,,,,,,618102,61080102,1,מנהיגות טכנית ,2020-07-21,,
TECH 5220,FALSE,Visual and Interaction Design for Digital Products,1.00,,,,,,,12790,,618119,61080119,1,עיצוב חזות ואינטראקציה עבור מוצרים,2020-07-21,Equivalent to Product Design,
TECH 5230,FALSE,Data Storytelling to Add Value,1.00,,,,,,,9490,,618041,61080041,1,"""סיפור סיפורים"" לצורך הוספת ערך",2021-04-18,,
TECH 5240,FALSE,Interface is the Brand,1.00,,,,,,,13003,,Not Approved,,,,,Not approved by JID in 2021-04,
TECH 5250,FALSE,Applied Technopoetics,1.00,,,,,,,9489,,618043,61080043,1,טכנולוגיה לצורך פרקטיקה אומנותית,2021-04-18,Former: Technology for Artistic Practi,
TECH 5260,FALSE,User Experience Research ,1.00,,,,,,,,,618056,06180056,1,מחקר בחווית משתמש,2022-04-25,,
TECH 5270,FALSE,Practical Intro to Computer Sec and Privacy ,1.00,,,,,,,,,618057,06180057,1,מבוא מעשי לאבטחת מחשב וסייבר,2022-04-25,,
TECH 5280,FALSE,Productizing Machine Learning,1.00,,,,,,,19698,,618074,06180074,,הבאה למוצר של מכונות לומדות,Submitted 2023-01,,
TECH 5900,FALSE,Product Studio,3.00,x,Y,,,,,,,617053,61070053,3,פרוייקט – אתגרי חברות,,This is the course used for Company Challenges and Startup Studio,
TECH 5910,FALSE,Startup Studio,3.00,x,"Y (or TECH 5920, 5930)",,,,,9484,,617054,61070054,3,פרוייקט – סטודיו סטארט אפ,2020-05,,
TECH 5920,FALSE,BigCo Studio,3.00,x,"Y (or TECH 5910, 5930)",,,,,9485,,618091,61080091,3,סטודיו לחברות גדולות,2020-05,,
TECH 5930,FALSE,PiTech Studio,3.00,x,"Y (or TECH 5910, 5920)",,,,,9488,,618044,06180044,3,סטודיו בביוטק,2021-04-18,,
TECH 5999,TRUE,Independent Study (for INFO 5360: Healthcare Org & Delivery),1.00,,,,,Core,,,,Not Approved,,,,,,Must be taken with INFO 5555
TECHIE 5310,FALSE,Business Fundamentals,1.00,,,,,,,,,617068,61070068,1,,,Prior: NBAY 5500 Business for Tech,
TECHIE 5315,FALSE,Emerging Technologies & Markets,1.00,,,,,,,,,618075,06180075,1,טכנולוגיות ושווקים מתעוררים,Submitted 2023-01,,
TECHIE 5320,TRUE,Law for Non-Lawyers,1.00,,,,,,,12941,,618108,61080108,1,משפטים ללא-משפטנים,2020-07-21,,
TECHIE 5771,FALSE,Coupled Policy and Technology Development for Intelligent Urban Systems,3.00,,,,,,Elective,,,206958,,,נושאים נבחרים באינטראקציות אדם-בניין בסביבות חכמות,Q4 2022,,
TECHIE 5901,FALSE,Preparing for Spec,1.00,x,Y,,,,,,,618010,61080010,1,הכנה לסטודיו,2020-11,,
TPCM 9005,FALSE,Deep Learning in Biology and Medicine,4.00,,,,,,,,,,,,,,,
,FALSE,Human Language Technologies,,,,,,,,,,617014,61070014,4,,,align; present Technion = 4,
,FALSE,Programming in the Large,,,,,,,,,,617008,61070008,4,,,align; present Technion = 4,
,FALSE,Social Computing,,,,,,,,,,617032,61070032,3,,,align syllabi; 3 cr at Technion,